{"cameraMode":{"drawMode":0,"name":"Shaded","section":"Shading Mode"},"sceneLighting":false,"audioPlay":false,"sceneViewState":{"m_AlwaysRefresh":false,"showFog":false,"showSkybox":false,"showFlares":false,"showImageEffects":false,"showParticleSystems":false,"showVisualEffectGraphs":true,"m_FxEnabled":true},"in2DMode":false,"pivot":{"x":-0.01692986488342285,"y":0.7480186820030212,"z":0.06450749933719635},"rotation":{"x":0.013559984043240548,"y":0.9181139469146729,"z":0.03137853369116783,"w":-0.394896924495697},"size":1.105950951576233,"orthographic":false}