{"cameraMode":{"drawMode":0,"name":"Shaded","section":"Shading Mode"},"sceneLighting":true,"audioPlay":false,"sceneViewState":{"m_AlwaysRefresh":false,"showFog":true,"showSkybox":true,"showFlares":true,"showImageEffects":true,"showParticleSystems":true,"showVisualEffectGraphs":true,"m_FxEnabled":true},"in2DMode":false,"pivot":{"x":7.526819705963135,"y":0.706043004989624,"z":5.849453926086426},"rotation":{"x":0.055486034601926807,"y":-0.0014795257011428476,"z":0.0001529883302282542,"w":0.9985249042510986},"size":1.3952629566192628,"orthographic":false}