{"cameraMode":{"drawMode":0,"name":"Shaded","section":"Shading Mode"},"sceneLighting":true,"audioPlay":false,"sceneViewState":{"m_AlwaysRefresh":false,"showFog":true,"showSkybox":true,"showFlares":true,"showImageEffects":true,"showParticleSystems":true,"showVisualEffectGraphs":true,"m_FxEnabled":true},"in2DMode":false,"pivot":{"x":-0.0004895627498626709,"y":0.5500970482826233,"z":0.6891660690307617},"rotation":{"x":-0.0006989897810854018,"y":-0.9993665814399719,"z":-0.02217777632176876,"w":0.029413366690278055},"size":0.25074899196624758,"orthographic":false}