{"cameraMode":{"drawMode":0,"name":"Shaded","section":"Shading Mode"},"sceneLighting":true,"audioPlay":false,"sceneViewState":{"m_AlwaysRefresh":false,"showFog":true,"showSkybox":true,"showFlares":true,"showImageEffects":true,"showParticleSystems":true,"showVisualEffectGraphs":true,"m_FxEnabled":true},"in2DMode":false,"pivot":{"x":8.66414737701416,"y":2.2527718544006349,"z":6.084489822387695},"rotation":{"x":-0.06252970546483994,"y":0.061335619539022449,"z":0.0038640983402729036,"w":0.9961628913879395},"size":2.66188645362854,"orthographic":false}